{
  "model": "sleap-data/datasets/wt_gold.13pt/models.tracking_split2/td_id.fast.v2.210519_111253.multi_class_topdown.n=1800",
  "run_name": "td_id.fast.v2.210519_111253.multi_class_topdown.n=1800",
  "n_train": 1600,
  "n_val": 200,
  "n_test": 200,
  "backbone": "unet",
  "max_stride": 16,
  "output_stride": 2,
  "upsampling": "interpolation",
  "upsampling_refine_convs": 2,
  "pretrained": false,
  "encoder": "",
  "head": "multi_class_topdown",
  "input_scaling": 1.0,
  "anchor_part": null,
  "crop_size": 160,
  "mAP": 0.8039037056704988,
  "mAR": 0.8705,
  "p95": 3.1961898489610236,
  "p99": 19.960246558107816,
  "mPCK": 0.8772315403894352,
  "id_acc": 0.9975,
  "mAP_no_gt": 0.7888207276474372,
  "mAR_no_gt": 0.8605,
  "p95_no_gt": 3.3001954150908155,
  "p99_no_gt": 18.77031255916519,
  "mPCK_no_gt": 0.8696934644303064,
  "params": 477570,
  "flops": 795975045
}